area,isector,account_entry,transaction,instr_asset,ref_date,period,value,unit,unit_mult,prices,ref_year_price,activity,consolidation,note
"CZ","S1","C","P1","_Z","_Z","1991","5354318","CZK","6","L","2015","_T","N","P.1c"
"CZ","S1","C","P1","_Z","_Z","1992","5263621","CZK","6","L","2015","_T","N","P.1c"
"CZ","S1","C","P1","_Z","_Z","1993","5158780","CZK","6","L","2015","_T","N","P.1c"
"CZ","S1","C","P1","_Z","_Z","1994","5212648","CZK","6","L","2015","_T","N","P.1c"
"CZ","S1","C","P1","_Z","_Z","1995","5592880","CZK","6","L","2015","_T","N","P.1c"
"CZ","S1","C","P1","_Z","_Z","1996","5851700","CZK","6","L","2015","_T","N","P.1c"
"CZ","S1","C","P1","_Z","_Z","1997","6071530","CZK","6","L","2015","_T","N","P.1c"
"CZ","S1","C","P1","_Z","_Z","1998","6177785","CZK","6","L","2015","_T","N","P.1c"
"CZ","S1","C","P1","_Z","_Z","1999","6207859","CZK","6","L","2015","_T","N","P.1c"
"CZ","S1","C","P1","_Z","_Z","2000","6510927","CZK","6","L","2015","_T","N","P.1c"
"CZ","S1","C","P1","_Z","_Z","2001","6917239","CZK","6","L","2015","_T","N","P.1c"
"CZ","S1","C","P1","_Z","_Z","2002","7110790","CZK","6","L","2015","_T","N","P.1c"
"CZ","S1","C","P1","_Z","_Z","2003","7594445","CZK","6","L","2015","_T","N","P.1c"
"CZ","S1","C","P1","_Z","_Z","2004","8039903","CZK","6","L","2015","_T","N","P.1c"
"CZ","S1","C","P1","_Z","_Z","2005","8419149","CZK","6","L","2015","_T","N","P.1c"
"CZ","S1","C","P1","_Z","_Z","2006","9225762","CZK","6","L","2015","_T","N","P.1c"
"CZ","S1","C","P1","_Z","_Z","2007","9934290","CZK","6","L","2015","_T","N","P.1c"
"CZ","S1","C","P1","_Z","_Z","2008","10118909","CZK","6","L","2015","_T","N","P.1c"
"CZ","S1","C","P1","_Z","_Z","2009","9298076","CZK","6","L","2015","_T","N","P.1c"
"CZ","S1","C","P1","_Z","_Z","2010","9725227","CZK","6","L","2015","_T","N","P.1c"
"CZ","S1","C","P1","_Z","_Z","2011","9983549","CZK","6","L","2015","_T","N","P.1c"
"CZ","S1","C","P1","_Z","_Z","2012","9758838","CZK","6","L","2015","_T","N","P.1c"
"CZ","S1","C","P1","_Z","_Z","2013","9754077","CZK","6","L","2015","_T","N","P.1c"
"CZ","S1","C","P1","_Z","_Z","2014","10115629","CZK","6","L","2015","_T","N","P.1c"
"CZ","S1","C","P1","_Z","_Z","2015","10634751","CZK","6","L","2015","_T","N","P.1c"
"CZ","S1","C","P1","_Z","_Z","2016","10917190","CZK","6","L","2015","_T","N","P.1c"
"CZ","S1","C","P1","_Z","_Z","2017","11564120","CZK","6","L","2015","_T","N","P.1c"
"CZ","S1","C","P1","_Z","_Z","2018","12036291","CZK","6","L","2015","_T","N","P.1c"
"CZ","S1","C","P1","_Z","_Z","2019","12230196","CZK","6","L","2015","_T","N","P.1c"
"CZ","S1","C","P1","_Z","_Z","2020","11455584","CZK","6","L","2015","_T","N","P.1c"
"CZ","S1","C","P1","_Z","_Z","2021","12095775","CZK","6","L","2015","_T","N","P.1c"
"CZ","S1","C","P1","_Z","_Z","1991","334017","CZK","6","L","2015","A","N","P.1c"
"CZ","S1","C","P1","_Z","_Z","1992","241934","CZK","6","L","2015","A","N","P.1c"
"CZ","S1","C","P1","_Z","_Z","1993","233903","CZK","6","L","2015","A","N","P.1c"
"CZ","S1","C","P1","_Z","_Z","1994","233313","CZK","6","L","2015","A","N","P.1c"
"CZ","S1","C","P1","_Z","_Z","1995","223345","CZK","6","L","2015","A","N","P.1c"
"CZ","S1","C","P1","_Z","_Z","1996","225784","CZK","6","L","2015","A","N","P.1c"
"CZ","S1","C","P1","_Z","_Z","1997","215226","CZK","6","L","2015","A","N","P.1c"
"CZ","S1","C","P1","_Z","_Z","1998","213749","CZK","6","L","2015","A","N","P.1c"
"CZ","S1","C","P1","_Z","_Z","1999","213486","CZK","6","L","2015","A","N","P.1c"
"CZ","S1","C","P1","_Z","_Z","2000","215471","CZK","6","L","2015","A","N","P.1c"
"CZ","S1","C","P1","_Z","_Z","2001","216265","CZK","6","L","2015","A","N","P.1c"
"CZ","S1","C","P1","_Z","_Z","2002","206233","CZK","6","L","2015","A","N","P.1c"
"CZ","S1","C","P1","_Z","_Z","2003","209550","CZK","6","L","2015","A","N","P.1c"
"CZ","S1","C","P1","_Z","_Z","2004","220485","CZK","6","L","2015","A","N","P.1c"
"CZ","S1","C","P1","_Z","_Z","2005","224412","CZK","6","L","2015","A","N","P.1c"
"CZ","S1","C","P1","_Z","_Z","2006","223557","CZK","6","L","2015","A","N","P.1c"
"CZ","S1","C","P1","_Z","_Z","2007","214722","CZK","6","L","2015","A","N","P.1c"
"CZ","S1","C","P1","_Z","_Z","2008","222776","CZK","6","L","2015","A","N","P.1c"
"CZ","S1","C","P1","_Z","_Z","2009","236910","CZK","6","L","2015","A","N","P.1c"
"CZ","S1","C","P1","_Z","_Z","2010","220998","CZK","6","L","2015","A","N","P.1c"
"CZ","S1","C","P1","_Z","_Z","2011","237371","CZK","6","L","2015","A","N","P.1c"
"CZ","S1","C","P1","_Z","_Z","2012","237501","CZK","6","L","2015","A","N","P.1c"
"CZ","S1","C","P1","_Z","_Z","2013","239518","CZK","6","L","2015","A","N","P.1c"
"CZ","S1","C","P1","_Z","_Z","2014","248589","CZK","6","L","2015","A","N","P.1c"
"CZ","S1","C","P1","_Z","_Z","2015","263821","CZK","6","L","2015","A","N","P.1c"
"CZ","S1","C","P1","_Z","_Z","2016","267504","CZK","6","L","2015","A","N","P.1c"
"CZ","S1","C","P1","_Z","_Z","2017","261456","CZK","6","L","2015","A","N","P.1c"
"CZ","S1","C","P1","_Z","_Z","2018","273296","CZK","6","L","2015","A","N","P.1c"
"CZ","S1","C","P1","_Z","_Z","2019","288810","CZK","6","L","2015","A","N","P.1c"
"CZ","S1","C","P1","_Z","_Z","2020","312312","CZK","6","L","2015","A","N","P.1c"
"CZ","S1","C","P1","_Z","_Z","2021","302178","CZK","6","L","2015","A","N","P.1c"
"CZ","S1","C","P1","_Z","_Z","1991","131381","CZK","6","L","2015","B","N","P.1c"
"CZ","S1","C","P1","_Z","_Z","1992","123353","CZK","6","L","2015","B","N","P.1c"
"CZ","S1","C","P1","_Z","_Z","1993","101596","CZK","6","L","2015","B","N","P.1c"
"CZ","S1","C","P1","_Z","_Z","1994","107682","CZK","6","L","2015","B","N","P.1c"
"CZ","S1","C","P1","_Z","_Z","1995","121636","CZK","6","L","2015","B","N","P.1c"
"CZ","S1","C","P1","_Z","_Z","1996","120357","CZK","6","L","2015","B","N","P.1c"
"CZ","S1","C","P1","_Z","_Z","1997","113522","CZK","6","L","2015","B","N","P.1c"
"CZ","S1","C","P1","_Z","_Z","1998","107360","CZK","6","L","2015","B","N","P.1c"
"CZ","S1","C","P1","_Z","_Z","1999","94276","CZK","6","L","2015","B","N","P.1c"
"CZ","S1","C","P1","_Z","_Z","2000","90922","CZK","6","L","2015","B","N","P.1c"
"CZ","S1","C","P1","_Z","_Z","2001","95311","CZK","6","L","2015","B","N","P.1c"
"CZ","S1","C","P1","_Z","_Z","2002","97608","CZK","6","L","2015","B","N","P.1c"
"CZ","S1","C","P1","_Z","_Z","2003","95494","CZK","6","L","2015","B","N","P.1c"
"CZ","S1","C","P1","_Z","_Z","2004","94082","CZK","6","L","2015","B","N","P.1c"
"CZ","S1","C","P1","_Z","_Z","2005","86766","CZK","6","L","2015","B","N","P.1c"
"CZ","S1","C","P1","_Z","_Z","2006","95731","CZK","6","L","2015","B","N","P.1c"
"CZ","S1","C","P1","_Z","_Z","2007","101181","CZK","6","L","2015","B","N","P.1c"
"CZ","S1","C","P1","_Z","_Z","2008","99786","CZK","6","L","2015","B","N","P.1c"
"CZ","S1","C","P1","_Z","_Z","2009","85761","CZK","6","L","2015","B","N","P.1c"
"CZ","S1","C","P1","_Z","_Z","2010","84268","CZK","6","L","2015","B","N","P.1c"
"CZ","S1","C","P1","_Z","_Z","2011","79954","CZK","6","L","2015","B","N","P.1c"
"CZ","S1","C","P1","_Z","_Z","2012","80481","CZK","6","L","2015","B","N","P.1c"
"CZ","S1","C","P1","_Z","_Z","2013","73483","CZK","6","L","2015","B","N","P.1c"
"CZ","S1","C","P1","_Z","_Z","2014","72338","CZK","6","L","2015","B","N","P.1c"
"CZ","S1","C","P1","_Z","_Z","2015","71251","CZK","6","L","2015","B","N","P.1c"
"CZ","S1","C","P1","_Z","_Z","2016","66897","CZK","6","L","2015","B","N","P.1c"
"CZ","S1","C","P1","_Z","_Z","2017","64235","CZK","6","L","2015","B","N","P.1c"
"CZ","S1","C","P1","_Z","_Z","2018","63233","CZK","6","L","2015","B","N","P.1c"
"CZ","S1","C","P1","_Z","_Z","2019","58651","CZK","6","L","2015","B","N","P.1c"
"CZ","S1","C","P1","_Z","_Z","2020","53571","CZK","6","L","2015","B","N","P.1c"
"CZ","S1","C","P1","_Z","_Z","2021","55624","CZK","6","L","2015","B","N","P.1c"
"CZ","S1","C","P1","_Z","_Z","1991","1565823","CZK","6","L","2015","C","N","P.1c"
"CZ","S1","C","P1","_Z","_Z","1992","1399918","CZK","6","L","2015","C","N","P.1c"
"CZ","S1","C","P1","_Z","_Z","1993","1291004","CZK","6","L","2015","C","N","P.1c"
"CZ","S1","C","P1","_Z","_Z","1994","1292675","CZK","6","L","2015","C","N","P.1c"
"CZ","S1","C","P1","_Z","_Z","1995","1482529","CZK","6","L","2015","C","N","P.1c"
"CZ","S1","C","P1","_Z","_Z","1996","1569453","CZK","6","L","2015","C","N","P.1c"
"CZ","S1","C","P1","_Z","_Z","1997","1725855","CZK","6","L","2015","C","N","P.1c"
"CZ","S1","C","P1","_Z","_Z","1998","1823433","CZK","6","L","2015","C","N","P.1c"
"CZ","S1","C","P1","_Z","_Z","1999","1834041","CZK","6","L","2015","C","N","P.1c"
"CZ","S1","C","P1","_Z","_Z","2000","1974952","CZK","6","L","2015","C","N","P.1c"
"CZ","S1","C","P1","_Z","_Z","2001","2175906","CZK","6","L","2015","C","N","P.1c"
"CZ","S1","C","P1","_Z","_Z","2002","2234538","CZK","6","L","2015","C","N","P.1c"
"CZ","S1","C","P1","_Z","_Z","2003","2395234","CZK","6","L","2015","C","N","P.1c"
"CZ","S1","C","P1","_Z","_Z","2004","2682620","CZK","6","L","2015","C","N","P.1c"
"CZ","S1","C","P1","_Z","_Z","2005","2915162","CZK","6","L","2015","C","N","P.1c"
"CZ","S1","C","P1","_Z","_Z","2006","3320870","CZK","6","L","2015","C","N","P.1c"
"CZ","S1","C","P1","_Z","_Z","2007","3592117","CZK","6","L","2015","C","N","P.1c"
"CZ","S1","C","P1","_Z","_Z","2008","3659184","CZK","6","L","2015","C","N","P.1c"
"CZ","S1","C","P1","_Z","_Z","2009","3110523","CZK","6","L","2015","C","N","P.1c"
"CZ","S1","C","P1","_Z","_Z","2010","3475435","CZK","6","L","2015","C","N","P.1c"
"CZ","S1","C","P1","_Z","_Z","2011","3725724","CZK","6","L","2015","C","N","P.1c"
"CZ","S1","C","P1","_Z","_Z","2012","3669254","CZK","6","L","2015","C","N","P.1c"
"CZ","S1","C","P1","_Z","_Z","2013","3644532","CZK","6","L","2015","C","N","P.1c"
"CZ","S1","C","P1","_Z","_Z","2014","3902213","CZK","6","L","2015","C","N","P.1c"
"CZ","S1","C","P1","_Z","_Z","2015","4138573","CZK","6","L","2015","C","N","P.1c"
"CZ","S1","C","P1","_Z","_Z","2016","4299138","CZK","6","L","2015","C","N","P.1c"
"CZ","S1","C","P1","_Z","_Z","2017","4633074","CZK","6","L","2015","C","N","P.1c"
"CZ","S1","C","P1","_Z","_Z","2018","4807569","CZK","6","L","2015","C","N","P.1c"
"CZ","S1","C","P1","_Z","_Z","2019","4815769","CZK","6","L","2015","C","N","P.1c"
"CZ","S1","C","P1","_Z","_Z","2020","4416025","CZK","6","L","2015","C","N","P.1c"
"CZ","S1","C","P1","_Z","_Z","2021","4669303","CZK","6","L","2015","C","N","P.1c"
"CZ","S1","C","P1","_Z","_Z","1991","273010","CZK","6","L","2015","D","N","P.1c"
"CZ","S1","C","P1","_Z","_Z","1992","403946","CZK","6","L","2015","D","N","P.1c"
"CZ","S1","C","P1","_Z","_Z","1993","372308","CZK","6","L","2015","D","N","P.1c"
"CZ","S1","C","P1","_Z","_Z","1994","371484","CZK","6","L","2015","D","N","P.1c"
"CZ","S1","C","P1","_Z","_Z","1995","333383","CZK","6","L","2015","D","N","P.1c"
"CZ","S1","C","P1","_Z","_Z","1996","385455","CZK","6","L","2015","D","N","P.1c"
"CZ","S1","C","P1","_Z","_Z","1997","399626","CZK","6","L","2015","D","N","P.1c"
"CZ","S1","C","P1","_Z","_Z","1998","389719","CZK","6","L","2015","D","N","P.1c"
"CZ","S1","C","P1","_Z","_Z","1999","391910","CZK","6","L","2015","D","N","P.1c"
"CZ","S1","C","P1","_Z","_Z","2000","389246","CZK","6","L","2015","D","N","P.1c"
"CZ","S1","C","P1","_Z","_Z","2001","443015","CZK","6","L","2015","D","N","P.1c"
"CZ","S1","C","P1","_Z","_Z","2002","439311","CZK","6","L","2015","D","N","P.1c"
"CZ","S1","C","P1","_Z","_Z","2003","471447","CZK","6","L","2015","D","N","P.1c"
"CZ","S1","C","P1","_Z","_Z","2004","474877","CZK","6","L","2015","D","N","P.1c"
"CZ","S1","C","P1","_Z","_Z","2005","440421","CZK","6","L","2015","D","N","P.1c"
"CZ","S1","C","P1","_Z","_Z","2006","500889","CZK","6","L","2015","D","N","P.1c"
"CZ","S1","C","P1","_Z","_Z","2007","476943","CZK","6","L","2015","D","N","P.1c"
"CZ","S1","C","P1","_Z","_Z","2008","466180","CZK","6","L","2015","D","N","P.1c"
"CZ","S1","C","P1","_Z","_Z","2009","427875","CZK","6","L","2015","D","N","P.1c"
"CZ","S1","C","P1","_Z","_Z","2010","424639","CZK","6","L","2015","D","N","P.1c"
"CZ","S1","C","P1","_Z","_Z","2011","426939","CZK","6","L","2015","D","N","P.1c"
"CZ","S1","C","P1","_Z","_Z","2012","410595","CZK","6","L","2015","D","N","P.1c"
"CZ","S1","C","P1","_Z","_Z","2013","397877","CZK","6","L","2015","D","N","P.1c"
"CZ","S1","C","P1","_Z","_Z","2014","360782","CZK","6","L","2015","D","N","P.1c"
"CZ","S1","C","P1","_Z","_Z","2015","376985","CZK","6","L","2015","D","N","P.1c"
"CZ","S1","C","P1","_Z","_Z","2016","382985","CZK","6","L","2015","D","N","P.1c"
"CZ","S1","C","P1","_Z","_Z","2017","390892","CZK","6","L","2015","D","N","P.1c"
"CZ","S1","C","P1","_Z","_Z","2018","388665","CZK","6","L","2015","D","N","P.1c"
"CZ","S1","C","P1","_Z","_Z","2019","369542","CZK","6","L","2015","D","N","P.1c"
"CZ","S1","C","P1","_Z","_Z","2020","297425","CZK","6","L","2015","D","N","P.1c"
"CZ","S1","C","P1","_Z","_Z","2021","317097","CZK","6","L","2015","D","N","P.1c"
"CZ","S1","C","P1","_Z","_Z","1991","71029","CZK","6","L","2015","E","N","P.1c"
"CZ","S1","C","P1","_Z","_Z","1992","84461","CZK","6","L","2015","E","N","P.1c"
"CZ","S1","C","P1","_Z","_Z","1993","92136","CZK","6","L","2015","E","N","P.1c"
"CZ","S1","C","P1","_Z","_Z","1994","87580","CZK","6","L","2015","E","N","P.1c"
"CZ","S1","C","P1","_Z","_Z","1995","81519","CZK","6","L","2015","E","N","P.1c"
"CZ","S1","C","P1","_Z","_Z","1996","95474","CZK","6","L","2015","E","N","P.1c"
"CZ","S1","C","P1","_Z","_Z","1997","97603","CZK","6","L","2015","E","N","P.1c"
"CZ","S1","C","P1","_Z","_Z","1998","100587","CZK","6","L","2015","E","N","P.1c"
"CZ","S1","C","P1","_Z","_Z","1999","101541","CZK","6","L","2015","E","N","P.1c"
"CZ","S1","C","P1","_Z","_Z","2000","101681","CZK","6","L","2015","E","N","P.1c"
"CZ","S1","C","P1","_Z","_Z","2001","99637","CZK","6","L","2015","E","N","P.1c"
"CZ","S1","C","P1","_Z","_Z","2002","106739","CZK","6","L","2015","E","N","P.1c"
"CZ","S1","C","P1","_Z","_Z","2003","106398","CZK","6","L","2015","E","N","P.1c"
"CZ","S1","C","P1","_Z","_Z","2004","113625","CZK","6","L","2015","E","N","P.1c"
"CZ","S1","C","P1","_Z","_Z","2005","112585","CZK","6","L","2015","E","N","P.1c"
"CZ","S1","C","P1","_Z","_Z","2006","123332","CZK","6","L","2015","E","N","P.1c"
"CZ","S1","C","P1","_Z","_Z","2007","127402","CZK","6","L","2015","E","N","P.1c"
"CZ","S1","C","P1","_Z","_Z","2008","131705","CZK","6","L","2015","E","N","P.1c"
"CZ","S1","C","P1","_Z","_Z","2009","127926","CZK","6","L","2015","E","N","P.1c"
"CZ","S1","C","P1","_Z","_Z","2010","125455","CZK","6","L","2015","E","N","P.1c"
"CZ","S1","C","P1","_Z","_Z","2011","131586","CZK","6","L","2015","E","N","P.1c"
"CZ","S1","C","P1","_Z","_Z","2012","123411","CZK","6","L","2015","E","N","P.1c"
"CZ","S1","C","P1","_Z","_Z","2013","112489","CZK","6","L","2015","E","N","P.1c"
"CZ","S1","C","P1","_Z","_Z","2014","114989","CZK","6","L","2015","E","N","P.1c"
"CZ","S1","C","P1","_Z","_Z","2015","115548","CZK","6","L","2015","E","N","P.1c"
"CZ","S1","C","P1","_Z","_Z","2016","116063","CZK","6","L","2015","E","N","P.1c"
"CZ","S1","C","P1","_Z","_Z","2017","119625","CZK","6","L","2015","E","N","P.1c"
"CZ","S1","C","P1","_Z","_Z","2018","125758","CZK","6","L","2015","E","N","P.1c"
"CZ","S1","C","P1","_Z","_Z","2019","129083","CZK","6","L","2015","E","N","P.1c"
"CZ","S1","C","P1","_Z","_Z","2020","125727","CZK","6","L","2015","E","N","P.1c"
"CZ","S1","C","P1","_Z","_Z","2021","145272","CZK","6","L","2015","E","N","P.1c"
"CZ","S1","C","P1","_Z","_Z","1991","500773","CZK","6","L","2015","F","N","P.1c"
"CZ","S1","C","P1","_Z","_Z","1992","524329","CZK","6","L","2015","F","N","P.1c"
"CZ","S1","C","P1","_Z","_Z","1993","546463","CZK","6","L","2015","F","N","P.1c"
"CZ","S1","C","P1","_Z","_Z","1994","575352","CZK","6","L","2015","F","N","P.1c"
"CZ","S1","C","P1","_Z","_Z","1995","651693","CZK","6","L","2015","F","N","P.1c"
"CZ","S1","C","P1","_Z","_Z","1996","678450","CZK","6","L","2015","F","N","P.1c"
"CZ","S1","C","P1","_Z","_Z","1997","661064","CZK","6","L","2015","F","N","P.1c"
"CZ","S1","C","P1","_Z","_Z","1998","635141","CZK","6","L","2015","F","N","P.1c"
"CZ","S1","C","P1","_Z","_Z","1999","611693","CZK","6","L","2015","F","N","P.1c"
"CZ","S1","C","P1","_Z","_Z","2000","597450","CZK","6","L","2015","F","N","P.1c"
"CZ","S1","C","P1","_Z","_Z","2001","604842","CZK","6","L","2015","F","N","P.1c"
"CZ","S1","C","P1","_Z","_Z","2002","641045","CZK","6","L","2015","F","N","P.1c"
"CZ","S1","C","P1","_Z","_Z","2003","690176","CZK","6","L","2015","F","N","P.1c"
"CZ","S1","C","P1","_Z","_Z","2004","708982","CZK","6","L","2015","F","N","P.1c"
"CZ","S1","C","P1","_Z","_Z","2005","736697","CZK","6","L","2015","F","N","P.1c"
"CZ","S1","C","P1","_Z","_Z","2006","816651","CZK","6","L","2015","F","N","P.1c"
"CZ","S1","C","P1","_Z","_Z","2007","930575","CZK","6","L","2015","F","N","P.1c"
"CZ","S1","C","P1","_Z","_Z","2008","923356","CZK","6","L","2015","F","N","P.1c"
"CZ","S1","C","P1","_Z","_Z","2009","843878","CZK","6","L","2015","F","N","P.1c"
"CZ","S1","C","P1","_Z","_Z","2010","837668","CZK","6","L","2015","F","N","P.1c"
"CZ","S1","C","P1","_Z","_Z","2011","803710","CZK","6","L","2015","F","N","P.1c"
"CZ","S1","C","P1","_Z","_Z","2012","738381","CZK","6","L","2015","F","N","P.1c"
"CZ","S1","C","P1","_Z","_Z","2013","717269","CZK","6","L","2015","F","N","P.1c"
"CZ","S1","C","P1","_Z","_Z","2014","737878","CZK","6","L","2015","F","N","P.1c"
"CZ","S1","C","P1","_Z","_Z","2015","781524","CZK","6","L","2015","F","N","P.1c"
"CZ","S1","C","P1","_Z","_Z","2016","738615","CZK","6","L","2015","F","N","P.1c"
"CZ","S1","C","P1","_Z","_Z","2017","765033","CZK","6","L","2015","F","N","P.1c"
"CZ","S1","C","P1","_Z","_Z","2018","819467","CZK","6","L","2015","F","N","P.1c"
"CZ","S1","C","P1","_Z","_Z","2019","830315","CZK","6","L","2015","F","N","P.1c"
"CZ","S1","C","P1","_Z","_Z","2020","790433","CZK","6","L","2015","F","N","P.1c"
"CZ","S1","C","P1","_Z","_Z","2021","810232","CZK","6","L","2015","F","N","P.1c"
"CZ","S1","C","P1","_Z","_Z","1991","381589","CZK","6","L","2015","G","N","P.1c"
"CZ","S1","C","P1","_Z","_Z","1992","393819","CZK","6","L","2015","G","N","P.1c"
"CZ","S1","C","P1","_Z","_Z","1993","372710","CZK","6","L","2015","G","N","P.1c"
"CZ","S1","C","P1","_Z","_Z","1994","374353","CZK","6","L","2015","G","N","P.1c"
"CZ","S1","C","P1","_Z","_Z","1995","380723","CZK","6","L","2015","G","N","P.1c"
"CZ","S1","C","P1","_Z","_Z","1996","399392","CZK","6","L","2015","G","N","P.1c"
"CZ","S1","C","P1","_Z","_Z","1997","400759","CZK","6","L","2015","G","N","P.1c"
"CZ","S1","C","P1","_Z","_Z","1998","403552","CZK","6","L","2015","G","N","P.1c"
"CZ","S1","C","P1","_Z","_Z","1999","421999","CZK","6","L","2015","G","N","P.1c"
"CZ","S1","C","P1","_Z","_Z","2000","472174","CZK","6","L","2015","G","N","P.1c"
"CZ","S1","C","P1","_Z","_Z","2001","493632","CZK","6","L","2015","G","N","P.1c"
"CZ","S1","C","P1","_Z","_Z","2002","519341","CZK","6","L","2015","G","N","P.1c"
"CZ","S1","C","P1","_Z","_Z","2003","568600","CZK","6","L","2015","G","N","P.1c"
"CZ","S1","C","P1","_Z","_Z","2004","615110","CZK","6","L","2015","G","N","P.1c"
"CZ","S1","C","P1","_Z","_Z","2005","637301","CZK","6","L","2015","G","N","P.1c"
"CZ","S1","C","P1","_Z","_Z","2006","699583","CZK","6","L","2015","G","N","P.1c"
"CZ","S1","C","P1","_Z","_Z","2007","752025","CZK","6","L","2015","G","N","P.1c"
"CZ","S1","C","P1","_Z","_Z","2008","762393","CZK","6","L","2015","G","N","P.1c"
"CZ","S1","C","P1","_Z","_Z","2009","737831","CZK","6","L","2015","G","N","P.1c"
"CZ","S1","C","P1","_Z","_Z","2010","800857","CZK","6","L","2015","G","N","P.1c"
"CZ","S1","C","P1","_Z","_Z","2011","833607","CZK","6","L","2015","G","N","P.1c"
"CZ","S1","C","P1","_Z","_Z","2012","802207","CZK","6","L","2015","G","N","P.1c"
"CZ","S1","C","P1","_Z","_Z","2013","819264","CZK","6","L","2015","G","N","P.1c"
"CZ","S1","C","P1","_Z","_Z","2014","871254","CZK","6","L","2015","G","N","P.1c"
"CZ","S1","C","P1","_Z","_Z","2015","919456","CZK","6","L","2015","G","N","P.1c"
"CZ","S1","C","P1","_Z","_Z","2016","928690","CZK","6","L","2015","G","N","P.1c"
"CZ","S1","C","P1","_Z","_Z","2017","1001647","CZK","6","L","2015","G","N","P.1c"
"CZ","S1","C","P1","_Z","_Z","2018","1010286","CZK","6","L","2015","G","N","P.1c"
"CZ","S1","C","P1","_Z","_Z","2019","1044577","CZK","6","L","2015","G","N","P.1c"
"CZ","S1","C","P1","_Z","_Z","2020","1012699","CZK","6","L","2015","G","N","P.1c"
"CZ","S1","C","P1","_Z","_Z","2021","1093947","CZK","6","L","2015","G","N","P.1c"
"CZ","S1","C","P1","_Z","_Z","1991","378790","CZK","6","L","2015","H","N","P.1c"
"CZ","S1","C","P1","_Z","_Z","1992","390074","CZK","6","L","2015","H","N","P.1c"
"CZ","S1","C","P1","_Z","_Z","1993","391342","CZK","6","L","2015","H","N","P.1c"
"CZ","S1","C","P1","_Z","_Z","1994","394695","CZK","6","L","2015","H","N","P.1c"
"CZ","S1","C","P1","_Z","_Z","1995","422851","CZK","6","L","2015","H","N","P.1c"
"CZ","S1","C","P1","_Z","_Z","1996","440451","CZK","6","L","2015","H","N","P.1c"
"CZ","S1","C","P1","_Z","_Z","1997","450515","CZK","6","L","2015","H","N","P.1c"
"CZ","S1","C","P1","_Z","_Z","1998","439149","CZK","6","L","2015","H","N","P.1c"
"CZ","S1","C","P1","_Z","_Z","1999","444633","CZK","6","L","2015","H","N","P.1c"
"CZ","S1","C","P1","_Z","_Z","2000","464163","CZK","6","L","2015","H","N","P.1c"
"CZ","S1","C","P1","_Z","_Z","2001","497195","CZK","6","L","2015","H","N","P.1c"
"CZ","S1","C","P1","_Z","_Z","2002","489545","CZK","6","L","2015","H","N","P.1c"
"CZ","S1","C","P1","_Z","_Z","2003","534772","CZK","6","L","2015","H","N","P.1c"
"CZ","S1","C","P1","_Z","_Z","2004","542350","CZK","6","L","2015","H","N","P.1c"
"CZ","S1","C","P1","_Z","_Z","2005","543233","CZK","6","L","2015","H","N","P.1c"
"CZ","S1","C","P1","_Z","_Z","2006","590050","CZK","6","L","2015","H","N","P.1c"
"CZ","S1","C","P1","_Z","_Z","2007","649728","CZK","6","L","2015","H","N","P.1c"
"CZ","S1","C","P1","_Z","_Z","2008","653115","CZK","6","L","2015","H","N","P.1c"
"CZ","S1","C","P1","_Z","_Z","2009","594721","CZK","6","L","2015","H","N","P.1c"
"CZ","S1","C","P1","_Z","_Z","2010","608734","CZK","6","L","2015","H","N","P.1c"
"CZ","S1","C","P1","_Z","_Z","2011","593482","CZK","6","L","2015","H","N","P.1c"
"CZ","S1","C","P1","_Z","_Z","2012","584064","CZK","6","L","2015","H","N","P.1c"
"CZ","S1","C","P1","_Z","_Z","2013","579717","CZK","6","L","2015","H","N","P.1c"
"CZ","S1","C","P1","_Z","_Z","2014","591843","CZK","6","L","2015","H","N","P.1c"
"CZ","S1","C","P1","_Z","_Z","2015","634816","CZK","6","L","2015","H","N","P.1c"
"CZ","S1","C","P1","_Z","_Z","2016","656662","CZK","6","L","2015","H","N","P.1c"
"CZ","S1","C","P1","_Z","_Z","2017","690629","CZK","6","L","2015","H","N","P.1c"
"CZ","S1","C","P1","_Z","_Z","2018","736155","CZK","6","L","2015","H","N","P.1c"
"CZ","S1","C","P1","_Z","_Z","2019","751106","CZK","6","L","2015","H","N","P.1c"
"CZ","S1","C","P1","_Z","_Z","2020","673968","CZK","6","L","2015","H","N","P.1c"
"CZ","S1","C","P1","_Z","_Z","2021","759469","CZK","6","L","2015","H","N","P.1c"
"CZ","S1","C","P1","_Z","_Z","1991","111602","CZK","6","L","2015","I","N","P.1c"
"CZ","S1","C","P1","_Z","_Z","1992","141448","CZK","6","L","2015","I","N","P.1c"
"CZ","S1","C","P1","_Z","_Z","1993","156988","CZK","6","L","2015","I","N","P.1c"
"CZ","S1","C","P1","_Z","_Z","1994","174205","CZK","6","L","2015","I","N","P.1c"
"CZ","S1","C","P1","_Z","_Z","1995","193903","CZK","6","L","2015","I","N","P.1c"
"CZ","S1","C","P1","_Z","_Z","1996","204183","CZK","6","L","2015","I","N","P.1c"
"CZ","S1","C","P1","_Z","_Z","1997","202569","CZK","6","L","2015","I","N","P.1c"
"CZ","S1","C","P1","_Z","_Z","1998","197875","CZK","6","L","2015","I","N","P.1c"
"CZ","S1","C","P1","_Z","_Z","1999","187739","CZK","6","L","2015","I","N","P.1c"
"CZ","S1","C","P1","_Z","_Z","2000","190897","CZK","6","L","2015","I","N","P.1c"
"CZ","S1","C","P1","_Z","_Z","2001","183143","CZK","6","L","2015","I","N","P.1c"
"CZ","S1","C","P1","_Z","_Z","2002","177169","CZK","6","L","2015","I","N","P.1c"
"CZ","S1","C","P1","_Z","_Z","2003","184597","CZK","6","L","2015","I","N","P.1c"
"CZ","S1","C","P1","_Z","_Z","2004","182086","CZK","6","L","2015","I","N","P.1c"
"CZ","S1","C","P1","_Z","_Z","2005","175407","CZK","6","L","2015","I","N","P.1c"
"CZ","S1","C","P1","_Z","_Z","2006","184098","CZK","6","L","2015","I","N","P.1c"
"CZ","S1","C","P1","_Z","_Z","2007","209287","CZK","6","L","2015","I","N","P.1c"
"CZ","S1","C","P1","_Z","_Z","2008","201790","CZK","6","L","2015","I","N","P.1c"
"CZ","S1","C","P1","_Z","_Z","2009","186147","CZK","6","L","2015","I","N","P.1c"
"CZ","S1","C","P1","_Z","_Z","2010","172495","CZK","6","L","2015","I","N","P.1c"
"CZ","S1","C","P1","_Z","_Z","2011","174648","CZK","6","L","2015","I","N","P.1c"
"CZ","S1","C","P1","_Z","_Z","2012","164203","CZK","6","L","2015","I","N","P.1c"
"CZ","S1","C","P1","_Z","_Z","2013","161742","CZK","6","L","2015","I","N","P.1c"
"CZ","S1","C","P1","_Z","_Z","2014","159182","CZK","6","L","2015","I","N","P.1c"
"CZ","S1","C","P1","_Z","_Z","2015","169909","CZK","6","L","2015","I","N","P.1c"
"CZ","S1","C","P1","_Z","_Z","2016","179930","CZK","6","L","2015","I","N","P.1c"
"CZ","S1","C","P1","_Z","_Z","2017","195271","CZK","6","L","2015","I","N","P.1c"
"CZ","S1","C","P1","_Z","_Z","2018","199573","CZK","6","L","2015","I","N","P.1c"
"CZ","S1","C","P1","_Z","_Z","2019","206550","CZK","6","L","2015","I","N","P.1c"
"CZ","S1","C","P1","_Z","_Z","2020","129976","CZK","6","L","2015","I","N","P.1c"
"CZ","S1","C","P1","_Z","_Z","2021","137351","CZK","6","L","2015","I","N","P.1c"
"CZ","S1","C","P1","_Z","_Z","1991","56783","CZK","6","L","2015","J","N","P.1c"
"CZ","S1","C","P1","_Z","_Z","1992","79736","CZK","6","L","2015","J","N","P.1c"
"CZ","S1","C","P1","_Z","_Z","1993","99486","CZK","6","L","2015","J","N","P.1c"
"CZ","S1","C","P1","_Z","_Z","1994","106993","CZK","6","L","2015","J","N","P.1c"
"CZ","S1","C","P1","_Z","_Z","1995","132289","CZK","6","L","2015","J","N","P.1c"
"CZ","S1","C","P1","_Z","_Z","1996","152809","CZK","6","L","2015","J","N","P.1c"
"CZ","S1","C","P1","_Z","_Z","1997","173673","CZK","6","L","2015","J","N","P.1c"
"CZ","S1","C","P1","_Z","_Z","1998","172486","CZK","6","L","2015","J","N","P.1c"
"CZ","S1","C","P1","_Z","_Z","1999","179509","CZK","6","L","2015","J","N","P.1c"
"CZ","S1","C","P1","_Z","_Z","2000","198327","CZK","6","L","2015","J","N","P.1c"
"CZ","S1","C","P1","_Z","_Z","2001","214568","CZK","6","L","2015","J","N","P.1c"
"CZ","S1","C","P1","_Z","_Z","2002","222637","CZK","6","L","2015","J","N","P.1c"
"CZ","S1","C","P1","_Z","_Z","2003","236710","CZK","6","L","2015","J","N","P.1c"
"CZ","S1","C","P1","_Z","_Z","2004","245518","CZK","6","L","2015","J","N","P.1c"
"CZ","S1","C","P1","_Z","_Z","2005","277225","CZK","6","L","2015","J","N","P.1c"
"CZ","S1","C","P1","_Z","_Z","2006","308694","CZK","6","L","2015","J","N","P.1c"
"CZ","S1","C","P1","_Z","_Z","2007","333604","CZK","6","L","2015","J","N","P.1c"
"CZ","S1","C","P1","_Z","_Z","2008","341323","CZK","6","L","2015","J","N","P.1c"
"CZ","S1","C","P1","_Z","_Z","2009","342057","CZK","6","L","2015","J","N","P.1c"
"CZ","S1","C","P1","_Z","_Z","2010","342917","CZK","6","L","2015","J","N","P.1c"
"CZ","S1","C","P1","_Z","_Z","2011","346257","CZK","6","L","2015","J","N","P.1c"
"CZ","S1","C","P1","_Z","_Z","2012","338154","CZK","6","L","2015","J","N","P.1c"
"CZ","S1","C","P1","_Z","_Z","2013","346497","CZK","6","L","2015","J","N","P.1c"
"CZ","S1","C","P1","_Z","_Z","2014","362968","CZK","6","L","2015","J","N","P.1c"
"CZ","S1","C","P1","_Z","_Z","2015","401386","CZK","6","L","2015","J","N","P.1c"
"CZ","S1","C","P1","_Z","_Z","2016","423554","CZK","6","L","2015","J","N","P.1c"
"CZ","S1","C","P1","_Z","_Z","2017","456175","CZK","6","L","2015","J","N","P.1c"
"CZ","S1","C","P1","_Z","_Z","2018","491805","CZK","6","L","2015","J","N","P.1c"
"CZ","S1","C","P1","_Z","_Z","2019","530221","CZK","6","L","2015","J","N","P.1c"
"CZ","S1","C","P1","_Z","_Z","2020","543623","CZK","6","L","2015","J","N","P.1c"
"CZ","S1","C","P1","_Z","_Z","2021","576634","CZK","6","L","2015","J","N","P.1c"
"CZ","S1","C","P1","_Z","_Z","1991","84548","CZK","6","L","2015","K","N","P.1c"
"CZ","S1","C","P1","_Z","_Z","1992","106739","CZK","6","L","2015","K","N","P.1c"
"CZ","S1","C","P1","_Z","_Z","1993","138059","CZK","6","L","2015","K","N","P.1c"
"CZ","S1","C","P1","_Z","_Z","1994","144715","CZK","6","L","2015","K","N","P.1c"
"CZ","S1","C","P1","_Z","_Z","1995","151938","CZK","6","L","2015","K","N","P.1c"
"CZ","S1","C","P1","_Z","_Z","1996","174594","CZK","6","L","2015","K","N","P.1c"
"CZ","S1","C","P1","_Z","_Z","1997","181149","CZK","6","L","2015","K","N","P.1c"
"CZ","S1","C","P1","_Z","_Z","1998","212681","CZK","6","L","2015","K","N","P.1c"
"CZ","S1","C","P1","_Z","_Z","1999","211815","CZK","6","L","2015","K","N","P.1c"
"CZ","S1","C","P1","_Z","_Z","2000","202060","CZK","6","L","2015","K","N","P.1c"
"CZ","S1","C","P1","_Z","_Z","2001","214388","CZK","6","L","2015","K","N","P.1c"
"CZ","S1","C","P1","_Z","_Z","2002","197668","CZK","6","L","2015","K","N","P.1c"
"CZ","S1","C","P1","_Z","_Z","2003","214282","CZK","6","L","2015","K","N","P.1c"
"CZ","S1","C","P1","_Z","_Z","2004","225922","CZK","6","L","2015","K","N","P.1c"
"CZ","S1","C","P1","_Z","_Z","2005","243885","CZK","6","L","2015","K","N","P.1c"
"CZ","S1","C","P1","_Z","_Z","2006","261191","CZK","6","L","2015","K","N","P.1c"
"CZ","S1","C","P1","_Z","_Z","2007","293388","CZK","6","L","2015","K","N","P.1c"
"CZ","S1","C","P1","_Z","_Z","2008","298489","CZK","6","L","2015","K","N","P.1c"
"CZ","S1","C","P1","_Z","_Z","2009","302043","CZK","6","L","2015","K","N","P.1c"
"CZ","S1","C","P1","_Z","_Z","2010","312986","CZK","6","L","2015","K","N","P.1c"
"CZ","S1","C","P1","_Z","_Z","2011","309199","CZK","6","L","2015","K","N","P.1c"
"CZ","S1","C","P1","_Z","_Z","2012","310306","CZK","6","L","2015","K","N","P.1c"
"CZ","S1","C","P1","_Z","_Z","2013","322988","CZK","6","L","2015","K","N","P.1c"
"CZ","S1","C","P1","_Z","_Z","2014","320999","CZK","6","L","2015","K","N","P.1c"
"CZ","S1","C","P1","_Z","_Z","2015","335559","CZK","6","L","2015","K","N","P.1c"
"CZ","S1","C","P1","_Z","_Z","2016","342569","CZK","6","L","2015","K","N","P.1c"
"CZ","S1","C","P1","_Z","_Z","2017","369756","CZK","6","L","2015","K","N","P.1c"
"CZ","S1","C","P1","_Z","_Z","2018","396519","CZK","6","L","2015","K","N","P.1c"
"CZ","S1","C","P1","_Z","_Z","2019","407663","CZK","6","L","2015","K","N","P.1c"
"CZ","S1","C","P1","_Z","_Z","2020","405849","CZK","6","L","2015","K","N","P.1c"
"CZ","S1","C","P1","_Z","_Z","2021","458135","CZK","6","L","2015","K","N","P.1c"
"CZ","S1","C","P1","_Z","_Z","1991","376890","CZK","6","L","2015","L","N","P.1c"
"CZ","S1","C","P1","_Z","_Z","1992","353691","CZK","6","L","2015","L","N","P.1c"
"CZ","S1","C","P1","_Z","_Z","1993","328810","CZK","6","L","2015","L","N","P.1c"
"CZ","S1","C","P1","_Z","_Z","1994","323122","CZK","6","L","2015","L","N","P.1c"
"CZ","S1","C","P1","_Z","_Z","1995","357252","CZK","6","L","2015","L","N","P.1c"
"CZ","S1","C","P1","_Z","_Z","1996","355150","CZK","6","L","2015","L","N","P.1c"
"CZ","S1","C","P1","_Z","_Z","1997","362564","CZK","6","L","2015","L","N","P.1c"
"CZ","S1","C","P1","_Z","_Z","1998","376099","CZK","6","L","2015","L","N","P.1c"
"CZ","S1","C","P1","_Z","_Z","1999","397674","CZK","6","L","2015","L","N","P.1c"
"CZ","S1","C","P1","_Z","_Z","2000","435347","CZK","6","L","2015","L","N","P.1c"
"CZ","S1","C","P1","_Z","_Z","2001","446110","CZK","6","L","2015","L","N","P.1c"
"CZ","S1","C","P1","_Z","_Z","2002","446492","CZK","6","L","2015","L","N","P.1c"
"CZ","S1","C","P1","_Z","_Z","2003","459364","CZK","6","L","2015","L","N","P.1c"
"CZ","S1","C","P1","_Z","_Z","2004","486888","CZK","6","L","2015","L","N","P.1c"
"CZ","S1","C","P1","_Z","_Z","2005","501334","CZK","6","L","2015","L","N","P.1c"
"CZ","S1","C","P1","_Z","_Z","2006","519458","CZK","6","L","2015","L","N","P.1c"
"CZ","S1","C","P1","_Z","_Z","2007","543008","CZK","6","L","2015","L","N","P.1c"
"CZ","S1","C","P1","_Z","_Z","2008","589344","CZK","6","L","2015","L","N","P.1c"
"CZ","S1","C","P1","_Z","_Z","2009","592924","CZK","6","L","2015","L","N","P.1c"
"CZ","S1","C","P1","_Z","_Z","2010","607964","CZK","6","L","2015","L","N","P.1c"
"CZ","S1","C","P1","_Z","_Z","2011","625981","CZK","6","L","2015","L","N","P.1c"
"CZ","S1","C","P1","_Z","_Z","2012","631549","CZK","6","L","2015","L","N","P.1c"
"CZ","S1","C","P1","_Z","_Z","2013","644730","CZK","6","L","2015","L","N","P.1c"
"CZ","S1","C","P1","_Z","_Z","2014","649574","CZK","6","L","2015","L","N","P.1c"
"CZ","S1","C","P1","_Z","_Z","2015","664852","CZK","6","L","2015","L","N","P.1c"
"CZ","S1","C","P1","_Z","_Z","2016","687240","CZK","6","L","2015","L","N","P.1c"
"CZ","S1","C","P1","_Z","_Z","2017","708387","CZK","6","L","2015","L","N","P.1c"
"CZ","S1","C","P1","_Z","_Z","2018","726599","CZK","6","L","2015","L","N","P.1c"
"CZ","S1","C","P1","_Z","_Z","2019","745139","CZK","6","L","2015","L","N","P.1c"
"CZ","S1","C","P1","_Z","_Z","2020","753666","CZK","6","L","2015","L","N","P.1c"
"CZ","S1","C","P1","_Z","_Z","2021","750087","CZK","6","L","2015","L","N","P.1c"
"CZ","S1","C","P1","_Z","_Z","1991","218178","CZK","6","L","2015","M","N","P.1c"
"CZ","S1","C","P1","_Z","_Z","1992","264780","CZK","6","L","2015","M","N","P.1c"
"CZ","S1","C","P1","_Z","_Z","1993","315623","CZK","6","L","2015","M","N","P.1c"
"CZ","S1","C","P1","_Z","_Z","1994","288535","CZK","6","L","2015","M","N","P.1c"
"CZ","S1","C","P1","_Z","_Z","1995","278822","CZK","6","L","2015","M","N","P.1c"
"CZ","S1","C","P1","_Z","_Z","1996","269333","CZK","6","L","2015","M","N","P.1c"
"CZ","S1","C","P1","_Z","_Z","1997","278456","CZK","6","L","2015","M","N","P.1c"
"CZ","S1","C","P1","_Z","_Z","1998","293545","CZK","6","L","2015","M","N","P.1c"
"CZ","S1","C","P1","_Z","_Z","1999","297136","CZK","6","L","2015","M","N","P.1c"
"CZ","S1","C","P1","_Z","_Z","2000","310611","CZK","6","L","2015","M","N","P.1c"
"CZ","S1","C","P1","_Z","_Z","2001","328535","CZK","6","L","2015","M","N","P.1c"
"CZ","S1","C","P1","_Z","_Z","2002","359927","CZK","6","L","2015","M","N","P.1c"
"CZ","S1","C","P1","_Z","_Z","2003","395079","CZK","6","L","2015","M","N","P.1c"
"CZ","S1","C","P1","_Z","_Z","2004","385369","CZK","6","L","2015","M","N","P.1c"
"CZ","S1","C","P1","_Z","_Z","2005","409601","CZK","6","L","2015","M","N","P.1c"
"CZ","S1","C","P1","_Z","_Z","2006","409137","CZK","6","L","2015","M","N","P.1c"
"CZ","S1","C","P1","_Z","_Z","2007","477928","CZK","6","L","2015","M","N","P.1c"
"CZ","S1","C","P1","_Z","_Z","2008","508711","CZK","6","L","2015","M","N","P.1c"
"CZ","S1","C","P1","_Z","_Z","2009","462834","CZK","6","L","2015","M","N","P.1c"
"CZ","S1","C","P1","_Z","_Z","2010","475422","CZK","6","L","2015","M","N","P.1c"
"CZ","S1","C","P1","_Z","_Z","2011","474757","CZK","6","L","2015","M","N","P.1c"
"CZ","S1","C","P1","_Z","_Z","2012","472345","CZK","6","L","2015","M","N","P.1c"
"CZ","S1","C","P1","_Z","_Z","2013","470249","CZK","6","L","2015","M","N","P.1c"
"CZ","S1","C","P1","_Z","_Z","2014","486843","CZK","6","L","2015","M","N","P.1c"
"CZ","S1","C","P1","_Z","_Z","2015","505240","CZK","6","L","2015","M","N","P.1c"
"CZ","S1","C","P1","_Z","_Z","2016","520266","CZK","6","L","2015","M","N","P.1c"
"CZ","S1","C","P1","_Z","_Z","2017","537537","CZK","6","L","2015","M","N","P.1c"
"CZ","S1","C","P1","_Z","_Z","2018","569495","CZK","6","L","2015","M","N","P.1c"
"CZ","S1","C","P1","_Z","_Z","2019","568757","CZK","6","L","2015","M","N","P.1c"
"CZ","S1","C","P1","_Z","_Z","2020","541711","CZK","6","L","2015","M","N","P.1c"
"CZ","S1","C","P1","_Z","_Z","2021","583544","CZK","6","L","2015","M","N","P.1c"
"CZ","S1","C","P1","_Z","_Z","1991","115651","CZK","6","L","2015","N","N","P.1c"
"CZ","S1","C","P1","_Z","_Z","1992","135849","CZK","6","L","2015","N","N","P.1c"
"CZ","S1","C","P1","_Z","_Z","1993","137489","CZK","6","L","2015","N","N","P.1c"
"CZ","S1","C","P1","_Z","_Z","1994","123285","CZK","6","L","2015","N","N","P.1c"
"CZ","S1","C","P1","_Z","_Z","1995","129957","CZK","6","L","2015","N","N","P.1c"
"CZ","S1","C","P1","_Z","_Z","1996","128414","CZK","6","L","2015","N","N","P.1c"
"CZ","S1","C","P1","_Z","_Z","1997","128885","CZK","6","L","2015","N","N","P.1c"
"CZ","S1","C","P1","_Z","_Z","1998","123853","CZK","6","L","2015","N","N","P.1c"
"CZ","S1","C","P1","_Z","_Z","1999","120258","CZK","6","L","2015","N","N","P.1c"
"CZ","S1","C","P1","_Z","_Z","2000","122206","CZK","6","L","2015","N","N","P.1c"
"CZ","S1","C","P1","_Z","_Z","2001","132439","CZK","6","L","2015","N","N","P.1c"
"CZ","S1","C","P1","_Z","_Z","2002","137789","CZK","6","L","2015","N","N","P.1c"
"CZ","S1","C","P1","_Z","_Z","2003","140545","CZK","6","L","2015","N","N","P.1c"
"CZ","S1","C","P1","_Z","_Z","2004","147219","CZK","6","L","2015","N","N","P.1c"
"CZ","S1","C","P1","_Z","_Z","2005","147102","CZK","6","L","2015","N","N","P.1c"
"CZ","S1","C","P1","_Z","_Z","2006","159125","CZK","6","L","2015","N","N","P.1c"
"CZ","S1","C","P1","_Z","_Z","2007","187330","CZK","6","L","2015","N","N","P.1c"
"CZ","S1","C","P1","_Z","_Z","2008","195775","CZK","6","L","2015","N","N","P.1c"
"CZ","S1","C","P1","_Z","_Z","2009","184144","CZK","6","L","2015","N","N","P.1c"
"CZ","S1","C","P1","_Z","_Z","2010","168244","CZK","6","L","2015","N","N","P.1c"
"CZ","S1","C","P1","_Z","_Z","2011","177473","CZK","6","L","2015","N","N","P.1c"
"CZ","S1","C","P1","_Z","_Z","2012","176821","CZK","6","L","2015","N","N","P.1c"
"CZ","S1","C","P1","_Z","_Z","2013","188249","CZK","6","L","2015","N","N","P.1c"
"CZ","S1","C","P1","_Z","_Z","2014","189591","CZK","6","L","2015","N","N","P.1c"
"CZ","S1","C","P1","_Z","_Z","2015","200389","CZK","6","L","2015","N","N","P.1c"
"CZ","S1","C","P1","_Z","_Z","2016","218920","CZK","6","L","2015","N","N","P.1c"
"CZ","S1","C","P1","_Z","_Z","2017","251692","CZK","6","L","2015","N","N","P.1c"
"CZ","S1","C","P1","_Z","_Z","2018","269080","CZK","6","L","2015","N","N","P.1c"
"CZ","S1","C","P1","_Z","_Z","2019","280485","CZK","6","L","2015","N","N","P.1c"
"CZ","S1","C","P1","_Z","_Z","2020","199108","CZK","6","L","2015","N","N","P.1c"
"CZ","S1","C","P1","_Z","_Z","2021","213264","CZK","6","L","2015","N","N","P.1c"
"CZ","S1","C","P1","_Z","_Z","1991","256796","CZK","6","L","2015","O","N","P.1c"
"CZ","S1","C","P1","_Z","_Z","1992","291946","CZK","6","L","2015","O","N","P.1c"
"CZ","S1","C","P1","_Z","_Z","1993","327782","CZK","6","L","2015","O","N","P.1c"
"CZ","S1","C","P1","_Z","_Z","1994","329585","CZK","6","L","2015","O","N","P.1c"
"CZ","S1","C","P1","_Z","_Z","1995","303866","CZK","6","L","2015","O","N","P.1c"
"CZ","S1","C","P1","_Z","_Z","1996","304276","CZK","6","L","2015","O","N","P.1c"
"CZ","S1","C","P1","_Z","_Z","1997","320584","CZK","6","L","2015","O","N","P.1c"
"CZ","S1","C","P1","_Z","_Z","1998","320568","CZK","6","L","2015","O","N","P.1c"
"CZ","S1","C","P1","_Z","_Z","1999","320305","CZK","6","L","2015","O","N","P.1c"
"CZ","S1","C","P1","_Z","_Z","2000","317920","CZK","6","L","2015","O","N","P.1c"
"CZ","S1","C","P1","_Z","_Z","2001","316925","CZK","6","L","2015","O","N","P.1c"
"CZ","S1","C","P1","_Z","_Z","2002","353520","CZK","6","L","2015","O","N","P.1c"
"CZ","S1","C","P1","_Z","_Z","2003","367969","CZK","6","L","2015","O","N","P.1c"
"CZ","S1","C","P1","_Z","_Z","2004","368028","CZK","6","L","2015","O","N","P.1c"
"CZ","S1","C","P1","_Z","_Z","2005","369484","CZK","6","L","2015","O","N","P.1c"
"CZ","S1","C","P1","_Z","_Z","2006","376664","CZK","6","L","2015","O","N","P.1c"
"CZ","S1","C","P1","_Z","_Z","2007","376128","CZK","6","L","2015","O","N","P.1c"
"CZ","S1","C","P1","_Z","_Z","2008","384640","CZK","6","L","2015","O","N","P.1c"
"CZ","S1","C","P1","_Z","_Z","2009","386468","CZK","6","L","2015","O","N","P.1c"
"CZ","S1","C","P1","_Z","_Z","2010","385954","CZK","6","L","2015","O","N","P.1c"
"CZ","S1","C","P1","_Z","_Z","2011","368740","CZK","6","L","2015","O","N","P.1c"
"CZ","S1","C","P1","_Z","_Z","2012","355398","CZK","6","L","2015","O","N","P.1c"
"CZ","S1","C","P1","_Z","_Z","2013","359074","CZK","6","L","2015","O","N","P.1c"
"CZ","S1","C","P1","_Z","_Z","2014","359835","CZK","6","L","2015","O","N","P.1c"
"CZ","S1","C","P1","_Z","_Z","2015","356634","CZK","6","L","2015","O","N","P.1c"
"CZ","S1","C","P1","_Z","_Z","2016","369818","CZK","6","L","2015","O","N","P.1c"
"CZ","S1","C","P1","_Z","_Z","2017","378101","CZK","6","L","2015","O","N","P.1c"
"CZ","S1","C","P1","_Z","_Z","2018","392848","CZK","6","L","2015","O","N","P.1c"
"CZ","S1","C","P1","_Z","_Z","2019","394159","CZK","6","L","2015","O","N","P.1c"
"CZ","S1","C","P1","_Z","_Z","2020","397463","CZK","6","L","2015","O","N","P.1c"
"CZ","S1","C","P1","_Z","_Z","2021","396724","CZK","6","L","2015","O","N","P.1c"
"CZ","S1","C","P1","_Z","_Z","1991","145566","CZK","6","L","2015","P","N","P.1c"
"CZ","S1","C","P1","_Z","_Z","1992","165045","CZK","6","L","2015","P","N","P.1c"
"CZ","S1","C","P1","_Z","_Z","1993","181608","CZK","6","L","2015","P","N","P.1c"
"CZ","S1","C","P1","_Z","_Z","1994","185258","CZK","6","L","2015","P","N","P.1c"
"CZ","S1","C","P1","_Z","_Z","1995","186320","CZK","6","L","2015","P","N","P.1c"
"CZ","S1","C","P1","_Z","_Z","1996","185815","CZK","6","L","2015","P","N","P.1c"
"CZ","S1","C","P1","_Z","_Z","1997","174015","CZK","6","L","2015","P","N","P.1c"
"CZ","S1","C","P1","_Z","_Z","1998","175084","CZK","6","L","2015","P","N","P.1c"
"CZ","S1","C","P1","_Z","_Z","1999","175591","CZK","6","L","2015","P","N","P.1c"
"CZ","S1","C","P1","_Z","_Z","2000","180635","CZK","6","L","2015","P","N","P.1c"
"CZ","S1","C","P1","_Z","_Z","2001","188283","CZK","6","L","2015","P","N","P.1c"
"CZ","S1","C","P1","_Z","_Z","2002","193331","CZK","6","L","2015","P","N","P.1c"
"CZ","S1","C","P1","_Z","_Z","2003","208458","CZK","6","L","2015","P","N","P.1c"
"CZ","S1","C","P1","_Z","_Z","2004","204457","CZK","6","L","2015","P","N","P.1c"
"CZ","S1","C","P1","_Z","_Z","2005","208284","CZK","6","L","2015","P","N","P.1c"
"CZ","S1","C","P1","_Z","_Z","2006","211931","CZK","6","L","2015","P","N","P.1c"
"CZ","S1","C","P1","_Z","_Z","2007","213115","CZK","6","L","2015","P","N","P.1c"
"CZ","S1","C","P1","_Z","_Z","2008","216108","CZK","6","L","2015","P","N","P.1c"
"CZ","S1","C","P1","_Z","_Z","2009","214729","CZK","6","L","2015","P","N","P.1c"
"CZ","S1","C","P1","_Z","_Z","2010","214636","CZK","6","L","2015","P","N","P.1c"
"CZ","S1","C","P1","_Z","_Z","2011","219703","CZK","6","L","2015","P","N","P.1c"
"CZ","S1","C","P1","_Z","_Z","2012","215612","CZK","6","L","2015","P","N","P.1c"
"CZ","S1","C","P1","_Z","_Z","2013","220832","CZK","6","L","2015","P","N","P.1c"
"CZ","S1","C","P1","_Z","_Z","2014","223821","CZK","6","L","2015","P","N","P.1c"
"CZ","S1","C","P1","_Z","_Z","2015","226046","CZK","6","L","2015","P","N","P.1c"
"CZ","S1","C","P1","_Z","_Z","2016","226835","CZK","6","L","2015","P","N","P.1c"
"CZ","S1","C","P1","_Z","_Z","2017","233383","CZK","6","L","2015","P","N","P.1c"
"CZ","S1","C","P1","_Z","_Z","2018","242430","CZK","6","L","2015","P","N","P.1c"
"CZ","S1","C","P1","_Z","_Z","2019","249790","CZK","6","L","2015","P","N","P.1c"
"CZ","S1","C","P1","_Z","_Z","2020","244316","CZK","6","L","2015","P","N","P.1c"
"CZ","S1","C","P1","_Z","_Z","2021","251272","CZK","6","L","2015","P","N","P.1c"
"CZ","S1","C","P1","_Z","_Z","1991","228361","CZK","6","L","2015","Q","N","P.1c"
"CZ","S1","C","P1","_Z","_Z","1992","225813","CZK","6","L","2015","Q","N","P.1c"
"CZ","S1","C","P1","_Z","_Z","1993","222348","CZK","6","L","2015","Q","N","P.1c"
"CZ","S1","C","P1","_Z","_Z","1994","248265","CZK","6","L","2015","Q","N","P.1c"
"CZ","S1","C","P1","_Z","_Z","1995","256918","CZK","6","L","2015","Q","N","P.1c"
"CZ","S1","C","P1","_Z","_Z","1996","251252","CZK","6","L","2015","Q","N","P.1c"
"CZ","S1","C","P1","_Z","_Z","1997","237038","CZK","6","L","2015","Q","N","P.1c"
"CZ","S1","C","P1","_Z","_Z","1998","218145","CZK","6","L","2015","Q","N","P.1c"
"CZ","S1","C","P1","_Z","_Z","1999","216421","CZK","6","L","2015","Q","N","P.1c"
"CZ","S1","C","P1","_Z","_Z","2000","216266","CZK","6","L","2015","Q","N","P.1c"
"CZ","S1","C","P1","_Z","_Z","2001","226959","CZK","6","L","2015","Q","N","P.1c"
"CZ","S1","C","P1","_Z","_Z","2002","243777","CZK","6","L","2015","Q","N","P.1c"
"CZ","S1","C","P1","_Z","_Z","2003","258919","CZK","6","L","2015","Q","N","P.1c"
"CZ","S1","C","P1","_Z","_Z","2004","244061","CZK","6","L","2015","Q","N","P.1c"
"CZ","S1","C","P1","_Z","_Z","2005","254506","CZK","6","L","2015","Q","N","P.1c"
"CZ","S1","C","P1","_Z","_Z","2006","253687","CZK","6","L","2015","Q","N","P.1c"
"CZ","S1","C","P1","_Z","_Z","2007","265923","CZK","6","L","2015","Q","N","P.1c"
"CZ","S1","C","P1","_Z","_Z","2008","273082","CZK","6","L","2015","Q","N","P.1c"
"CZ","S1","C","P1","_Z","_Z","2009","279795","CZK","6","L","2015","Q","N","P.1c"
"CZ","S1","C","P1","_Z","_Z","2010","285093","CZK","6","L","2015","Q","N","P.1c"
"CZ","S1","C","P1","_Z","_Z","2011","276610","CZK","6","L","2015","Q","N","P.1c"
"CZ","S1","C","P1","_Z","_Z","2012","277746","CZK","6","L","2015","Q","N","P.1c"
"CZ","S1","C","P1","_Z","_Z","2013","281626","CZK","6","L","2015","Q","N","P.1c"
"CZ","S1","C","P1","_Z","_Z","2014","289374","CZK","6","L","2015","Q","N","P.1c"
"CZ","S1","C","P1","_Z","_Z","2015","289918","CZK","6","L","2015","Q","N","P.1c"
"CZ","S1","C","P1","_Z","_Z","2016","303235","CZK","6","L","2015","Q","N","P.1c"
"CZ","S1","C","P1","_Z","_Z","2017","311349","CZK","6","L","2015","Q","N","P.1c"
"CZ","S1","C","P1","_Z","_Z","2018","320756","CZK","6","L","2015","Q","N","P.1c"
"CZ","S1","C","P1","_Z","_Z","2019","336269","CZK","6","L","2015","Q","N","P.1c"
"CZ","S1","C","P1","_Z","_Z","2020","353642","CZK","6","L","2015","Q","N","P.1c"
"CZ","S1","C","P1","_Z","_Z","2021","380501","CZK","6","L","2015","Q","N","P.1c"
"CZ","S1","C","P1","_Z","_Z","1991","47839","CZK","6","L","2015","R","N","P.1c"
"CZ","S1","C","P1","_Z","_Z","1992","47127","CZK","6","L","2015","R","N","P.1c"
"CZ","S1","C","P1","_Z","_Z","1993","54101","CZK","6","L","2015","R","N","P.1c"
"CZ","S1","C","P1","_Z","_Z","1994","62547","CZK","6","L","2015","R","N","P.1c"
"CZ","S1","C","P1","_Z","_Z","1995","67407","CZK","6","L","2015","R","N","P.1c"
"CZ","S1","C","P1","_Z","_Z","1996","69056","CZK","6","L","2015","R","N","P.1c"
"CZ","S1","C","P1","_Z","_Z","1997","70787","CZK","6","L","2015","R","N","P.1c"
"CZ","S1","C","P1","_Z","_Z","1998","61218","CZK","6","L","2015","R","N","P.1c"
"CZ","S1","C","P1","_Z","_Z","1999","63437","CZK","6","L","2015","R","N","P.1c"
"CZ","S1","C","P1","_Z","_Z","2000","76079","CZK","6","L","2015","R","N","P.1c"
"CZ","S1","C","P1","_Z","_Z","2001","79795","CZK","6","L","2015","R","N","P.1c"
"CZ","S1","C","P1","_Z","_Z","2002","76454","CZK","6","L","2015","R","N","P.1c"
"CZ","S1","C","P1","_Z","_Z","2003","83898","CZK","6","L","2015","R","N","P.1c"
"CZ","S1","C","P1","_Z","_Z","2004","89034","CZK","6","L","2015","R","N","P.1c"
"CZ","S1","C","P1","_Z","_Z","2005","87565","CZK","6","L","2015","R","N","P.1c"
"CZ","S1","C","P1","_Z","_Z","2006","99134","CZK","6","L","2015","R","N","P.1c"
"CZ","S1","C","P1","_Z","_Z","2007","98507","CZK","6","L","2015","R","N","P.1c"
"CZ","S1","C","P1","_Z","_Z","2008","100076","CZK","6","L","2015","R","N","P.1c"
"CZ","S1","C","P1","_Z","_Z","2009","94861","CZK","6","L","2015","R","N","P.1c"
"CZ","S1","C","P1","_Z","_Z","2010","91167","CZK","6","L","2015","R","N","P.1c"
"CZ","S1","C","P1","_Z","_Z","2011","93058","CZK","6","L","2015","R","N","P.1c"
"CZ","S1","C","P1","_Z","_Z","2012","90318","CZK","6","L","2015","R","N","P.1c"
"CZ","S1","C","P1","_Z","_Z","2013","92594","CZK","6","L","2015","R","N","P.1c"
"CZ","S1","C","P1","_Z","_Z","2014","94568","CZK","6","L","2015","R","N","P.1c"
"CZ","S1","C","P1","_Z","_Z","2015","100721","CZK","6","L","2015","R","N","P.1c"
"CZ","S1","C","P1","_Z","_Z","2016","106134","CZK","6","L","2015","R","N","P.1c"
"CZ","S1","C","P1","_Z","_Z","2017","113282","CZK","6","L","2015","R","N","P.1c"
"CZ","S1","C","P1","_Z","_Z","2018","116305","CZK","6","L","2015","R","N","P.1c"
"CZ","S1","C","P1","_Z","_Z","2019","130655","CZK","6","L","2015","R","N","P.1c"
"CZ","S1","C","P1","_Z","_Z","2020","112514","CZK","6","L","2015","R","N","P.1c"
"CZ","S1","C","P1","_Z","_Z","2021","113171","CZK","6","L","2015","R","N","P.1c"
"CZ","S1","C","P1","_Z","_Z","1991","97873","CZK","6","L","2015","S","N","P.1c"
"CZ","S1","C","P1","_Z","_Z","1992","91514","CZK","6","L","2015","S","N","P.1c"
"CZ","S1","C","P1","_Z","_Z","1993","62903","CZK","6","L","2015","S","N","P.1c"
"CZ","S1","C","P1","_Z","_Z","1994","70929","CZK","6","L","2015","S","N","P.1c"
"CZ","S1","C","P1","_Z","_Z","1995","87441","CZK","6","L","2015","S","N","P.1c"
"CZ","S1","C","P1","_Z","_Z","1996","85421","CZK","6","L","2015","S","N","P.1c"
"CZ","S1","C","P1","_Z","_Z","1997","82486","CZK","6","L","2015","S","N","P.1c"
"CZ","S1","C","P1","_Z","_Z","1998","86748","CZK","6","L","2015","S","N","P.1c"
"CZ","S1","C","P1","_Z","_Z","1999","87880","CZK","6","L","2015","S","N","P.1c"
"CZ","S1","C","P1","_Z","_Z","2000","85544","CZK","6","L","2015","S","N","P.1c"
"CZ","S1","C","P1","_Z","_Z","2001","82330","CZK","6","L","2015","S","N","P.1c"
"CZ","S1","C","P1","_Z","_Z","2002","86592","CZK","6","L","2015","S","N","P.1c"
"CZ","S1","C","P1","_Z","_Z","2003","90904","CZK","6","L","2015","S","N","P.1c"
"CZ","S1","C","P1","_Z","_Z","2004","87849","CZK","6","L","2015","S","N","P.1c"
"CZ","S1","C","P1","_Z","_Z","2005","84620","CZK","6","L","2015","S","N","P.1c"
"CZ","S1","C","P1","_Z","_Z","2006","90503","CZK","6","L","2015","S","N","P.1c"
"CZ","S1","C","P1","_Z","_Z","2007","90177","CZK","6","L","2015","S","N","P.1c"
"CZ","S1","C","P1","_Z","_Z","2008","84064","CZK","6","L","2015","S","N","P.1c"
"CZ","S1","C","P1","_Z","_Z","2009","76730","CZK","6","L","2015","S","N","P.1c"
"CZ","S1","C","P1","_Z","_Z","2010","78955","CZK","6","L","2015","S","N","P.1c"
"CZ","S1","C","P1","_Z","_Z","2011","80231","CZK","6","L","2015","S","N","P.1c"
"CZ","S1","C","P1","_Z","_Z","2012","76237","CZK","6","L","2015","S","N","P.1c"
"CZ","S1","C","P1","_Z","_Z","2013","76118","CZK","6","L","2015","S","N","P.1c"
"CZ","S1","C","P1","_Z","_Z","2014","77410","CZK","6","L","2015","S","N","P.1c"
"CZ","S1","C","P1","_Z","_Z","2015","78659","CZK","6","L","2015","S","N","P.1c"
"CZ","S1","C","P1","_Z","_Z","2016","77971","CZK","6","L","2015","S","N","P.1c"
"CZ","S1","C","P1","_Z","_Z","2017","78755","CZK","6","L","2015","S","N","P.1c"
"CZ","S1","C","P1","_Z","_Z","2018","82051","CZK","6","L","2015","S","N","P.1c"
"CZ","S1","C","P1","_Z","_Z","2019","83189","CZK","6","L","2015","S","N","P.1c"
"CZ","S1","C","P1","_Z","_Z","2020","74256","CZK","6","L","2015","S","N","P.1c"
"CZ","S1","C","P1","_Z","_Z","2021","75776","CZK","6","L","2015","S","N","P.1c"
"CZ","S1","C","P1","_Z","_Z","1991","366","CZK","6","L","2015","T","N","P.1c"
"CZ","S1","C","P1","_Z","_Z","1992","468","CZK","6","L","2015","T","N","P.1c"
"CZ","S1","C","P1","_Z","_Z","1993","422","CZK","6","L","2015","T","N","P.1c"
"CZ","S1","C","P1","_Z","_Z","1994","431","CZK","6","L","2015","T","N","P.1c"
"CZ","S1","C","P1","_Z","_Z","1995","654","CZK","6","L","2015","T","N","P.1c"
"CZ","S1","C","P1","_Z","_Z","1996","805","CZK","6","L","2015","T","N","P.1c"
"CZ","S1","C","P1","_Z","_Z","1997","902","CZK","6","L","2015","T","N","P.1c"
"CZ","S1","C","P1","_Z","_Z","1998","955","CZK","6","L","2015","T","N","P.1c"
"CZ","S1","C","P1","_Z","_Z","1999","1036","CZK","6","L","2015","T","N","P.1c"
"CZ","S1","C","P1","_Z","_Z","2000","1073","CZK","6","L","2015","T","N","P.1c"
"CZ","S1","C","P1","_Z","_Z","2001","1269","CZK","6","L","2015","T","N","P.1c"
"CZ","S1","C","P1","_Z","_Z","2002","1490","CZK","6","L","2015","T","N","P.1c"
"CZ","S1","C","P1","_Z","_Z","2003","1680","CZK","6","L","2015","T","N","P.1c"
"CZ","S1","C","P1","_Z","_Z","2004","1696","CZK","6","L","2015","T","N","P.1c"
"CZ","S1","C","P1","_Z","_Z","2005","1818","CZK","6","L","2015","T","N","P.1c"
"CZ","S1","C","P1","_Z","_Z","2006","1930","CZK","6","L","2015","T","N","P.1c"
"CZ","S1","C","P1","_Z","_Z","2007","1960","CZK","6","L","2015","T","N","P.1c"
"CZ","S1","C","P1","_Z","_Z","2008","2364","CZK","6","L","2015","T","N","P.1c"
"CZ","S1","C","P1","_Z","_Z","2009","3024","CZK","6","L","2015","T","N","P.1c"
"CZ","S1","C","P1","_Z","_Z","2010","2818","CZK","6","L","2015","T","N","P.1c"
"CZ","S1","C","P1","_Z","_Z","2011","2711","CZK","6","L","2015","T","N","P.1c"
"CZ","S1","C","P1","_Z","_Z","2012","2928","CZK","6","L","2015","T","N","P.1c"
"CZ","S1","C","P1","_Z","_Z","2013","3172","CZK","6","L","2015","T","N","P.1c"
"CZ","S1","C","P1","_Z","_Z","2014","3344","CZK","6","L","2015","T","N","P.1c"
"CZ","S1","C","P1","_Z","_Z","2015","3464","CZK","6","L","2015","T","N","P.1c"
"CZ","S1","C","P1","_Z","_Z","2016","4164","CZK","6","L","2015","T","N","P.1c"
"CZ","S1","C","P1","_Z","_Z","2017","4504","CZK","6","L","2015","T","N","P.1c"
"CZ","S1","C","P1","_Z","_Z","2018","4959","CZK","6","L","2015","T","N","P.1c"
"CZ","S1","C","P1","_Z","_Z","2019","5251","CZK","6","L","2015","T","N","P.1c"
"CZ","S1","C","P1","_Z","_Z","2020","4180","CZK","6","L","2015","T","N","P.1c"
"CZ","S1","C","P1","_Z","_Z","2021","4884","CZK","6","L","2015","T","N","P.1c"
"CZ","S1","C","P1","_Z","_Z","1991",":","CZK","6","L","2015","U","N","P.1c"
"CZ","S1","C","P1","_Z","_Z","1992",":","CZK","6","L","2015","U","N","P.1c"
"CZ","S1","C","P1","_Z","_Z","1993",":","CZK","6","L","2015","U","N","P.1c"
"CZ","S1","C","P1","_Z","_Z","1994",":","CZK","6","L","2015","U","N","P.1c"
"CZ","S1","C","P1","_Z","_Z","1995",":","CZK","6","L","2015","U","N","P.1c"
"CZ","S1","C","P1","_Z","_Z","1996",":","CZK","6","L","2015","U","N","P.1c"
"CZ","S1","C","P1","_Z","_Z","1997",":","CZK","6","L","2015","U","N","P.1c"
"CZ","S1","C","P1","_Z","_Z","1998",":","CZK","6","L","2015","U","N","P.1c"
"CZ","S1","C","P1","_Z","_Z","1999",":","CZK","6","L","2015","U","N","P.1c"
"CZ","S1","C","P1","_Z","_Z","2000",":","CZK","6","L","2015","U","N","P.1c"
"CZ","S1","C","P1","_Z","_Z","2001",":","CZK","6","L","2015","U","N","P.1c"
"CZ","S1","C","P1","_Z","_Z","2002",":","CZK","6","L","2015","U","N","P.1c"
"CZ","S1","C","P1","_Z","_Z","2003",":","CZK","6","L","2015","U","N","P.1c"
"CZ","S1","C","P1","_Z","_Z","2004",":","CZK","6","L","2015","U","N","P.1c"
"CZ","S1","C","P1","_Z","_Z","2005",":","CZK","6","L","2015","U","N","P.1c"
"CZ","S1","C","P1","_Z","_Z","2006",":","CZK","6","L","2015","U","N","P.1c"
"CZ","S1","C","P1","_Z","_Z","2007",":","CZK","6","L","2015","U","N","P.1c"
"CZ","S1","C","P1","_Z","_Z","2008",":","CZK","6","L","2015","U","N","P.1c"
"CZ","S1","C","P1","_Z","_Z","2009",":","CZK","6","L","2015","U","N","P.1c"
"CZ","S1","C","P1","_Z","_Z","2010",":","CZK","6","L","2015","U","N","P.1c"
"CZ","S1","C","P1","_Z","_Z","2011",":","CZK","6","L","2015","U","N","P.1c"
"CZ","S1","C","P1","_Z","_Z","2012",":","CZK","6","L","2015","U","N","P.1c"
"CZ","S1","C","P1","_Z","_Z","2013",":","CZK","6","L","2015","U","N","P.1c"
"CZ","S1","C","P1","_Z","_Z","2014",":","CZK","6","L","2015","U","N","P.1c"
"CZ","S1","C","P1","_Z","_Z","2015",":","CZK","6","L","2015","U","N","P.1c"
"CZ","S1","C","P1","_Z","_Z","2016",":","CZK","6","L","2015","U","N","P.1c"
"CZ","S1","C","P1","_Z","_Z","2017",":","CZK","6","L","2015","U","N","P.1c"
"CZ","S1","C","P1","_Z","_Z","2018",":","CZK","6","L","2015","U","N","P.1c"
"CZ","S1","C","P1","_Z","_Z","2019",":","CZK","6","L","2015","U","N","P.1c"
"CZ","S1","C","P1","_Z","_Z","2020",":","CZK","6","L","2015","U","N","P.1c"
"CZ","S1","C","P1","_Z","_Z","2021",":","CZK","6","L","2015","U","N","P.1c"
